name,typ,node,maxcap,heat_rate,mincap,var_om,no_load,st_cost,ramp,minup,mindn
LAKEHAVASUCITY_NG,ngcc,bus_28879,655.0,0.0,196.5,3,1965.0,45850.0,655.0,4,4
MOHAVEVALLEY_NG,ngcc,bus_28879,708.0,0.0,212.4,3,2124.0,49560.0,708.0,4,4
YUMA_NG,ngcc,bus_28879,425.0,0.0,127.5,3,1275.0,29750.0,425.0,4,4
BIGBEARCITY_NG,ngcc,bus_28879,8.4,0.0,2.52,3,25.200000000000003,588.0,8.4,4,4
BLYTHE_NG,ngcc,bus_28879,591.0,0.0,177.29999999999998,3,1773.0,41370.0,591.0,4,4
NORTHPALMSPRINGS_NG,ngcc,bus_28879,149.7,0.0,44.91,3,449.09999999999997,10479.0,149.7,4,4
SUNCITY_NG,ngcc,bus_28879,819.0,0.0,245.7,3,2457.0,57330.0,819.0,4,4
TWENTYNINEPALMS_NG,ngcc,bus_28879,16.4,0.0,4.919999999999999,3,49.199999999999996,1148.0,16.4,4,4
CALIPATRIA_NG,ngcc,bus_28879,121.0,0.0,36.3,3,363.0,8470.0,121.0,4,4
DESERTHOTSPRINGS_NG,ngcc,bus_28879,800.0,0.0,240.0,3,2400.0,56000.0,800.0,4,4
GLENDALE_NG,ngcc,bus_40168,613.5,0.0,184.05,3,1840.5,42945.0,613.5,4,4
COCHISE_NG,ngcc,bus_40518,660.7,0.0,198.21,3,1982.1000000000001,46249.0,660.7,4,4
TUCSON_NG,ngcc,bus_40518,954.3,0.0,286.29,3,2862.8999999999996,66801.0,954.3,4,4
NOGALES_NG,ngcc,bus_40518,108.0,0.0,32.4,3,324.0,7560.0,108.0,4,4
LORDSBURG_NG,ngcc,bus_40518,88.0,0.0,26.4,3,264.0,6160.0,88.0,4,4
DEMING_NG,ngcc,bus_40518,650.0,0.0,195.0,3,1950.0,45500.0,650.0,4,4
SUNLANDPARK_NG,ngcc,bus_40518,398.3,0.0,119.49,3,1194.9,27881.0,398.3,4,4
CHANDLER_NG,ngcc,bus_40310,17.1,0.0,5.13,3,51.300000000000004,1197.0,17.1,4,4
ARLINGTON_NG,ngcc,bus_40840,3236.5,0.0,970.95,3,9709.5,226555.0,3236.5,4,4
CHANDLER_NG_2,ngcc,bus_40840,726.0,0.0,217.8,3,2178.0,50820.0,726.0,4,4
CASAGRANDE_NG,ngcc,bus_40840,646.1,0.0,193.83,3,1938.3000000000002,45227.0,646.1,4,4
TEMPE_NG,ngcc,bus_40840,573.7,0.0,172.11,3,1721.1000000000001,40159.0,573.7,4,4
TONOPAH_NG,ngcc,bus_40840,1325.1,0.0,397.53,3,3975.2999999999997,92757.0,1325.1,4,4
GILBERT_NG,ngcc,bus_40840,1326.0,0.0,397.8,3,3978.0,92820.0,1326.0,4,4
GOLDENVALLEY_NG,ngcc,bus_40008,121.0,0.0,36.3,3,363.0,8470.0,121.0,4,4
GLOBE_NG,ngcc,bus_40872,1678.0,0.0,503.4,3,5034.0,117460.0,1678.0,4,4
CHANDLER_NG_3,ngcc,bus_40872,695.0,0.0,208.5,3,2085.0,48650.0,695.0,4,4
BUCKEYE_NG,ngcc,bus_40884,652.2,0.0,195.66,3,1956.6000000000001,45654.0,652.2,4,4
GILABEND_NG,ngcc,bus_40884,3376.0,0.0,1012.8,3,10128.0,236320.0,3376.0,4,4
SAINTJOHNS_C,coal,bus_40875,821.8,0.0,246.54,4,2465.3999999999996,57526.0,271.194,12,12
SPRINGERVILLE_C,coal,bus_40875,2179.2,0.0,653.7599999999999,4,6537.599999999999,152544.0,719.136,12,12
TRONA_C,coal,bus_30369,62.5,0.0,18.75,4,187.5,4375.0,20.625,12,12
VICTORVILLE_NG,ngcc,bus_30369,852.0,0.0,255.6,3,2556.0,59640.0,852.0,4,4
BORON_NG,ngcc,bus_30369,220.8,0.0,66.24,3,662.4000000000001,15456.0,220.8,4,4
HINKLEY_NG,ngcc,bus_30369,184.0,0.0,55.2,3,552.0,12880.0,184.0,4,4
TRONA_NG,ngcc,bus_30369,20.0,0.0,6.0,3,60.0,1400.0,20.0,4,4
LASVEGAS_NG,ngcc,bus_30369,3475.9,0.0,1042.7699999999998,3,10427.7,243313.0,3475.9,4,4
JEAN_NG,ngcc,bus_30369,688.4,0.0,206.52,3,2065.2,48188.0,688.4,4,4
YUMA_NG_4,ngcc,bus_40004,62.6,0.0,18.78,3,187.8,4382.0,62.6,4,4
ORACLE_NG,ngcc,bus_40519,3.1,0.0,0.93,3,9.3,217.0,3.1,4,4
LONGBEACH_NG,ngcc,bus_25824,777.4,0.0,233.22,3,2332.2,54418.0,777.4,4,4
REDONDOBEACH_NG,ngcc,bus_25824,1316.4,0.0,394.92,3,3949.2000000000003,92148.0,1316.4,4,4
CAMARILLO_NG,ngcc,bus_25824,31.1,0.0,9.33,3,93.30000000000001,2177.0,31.1,4,4
OXNARD_NG,ngcc,bus_25824,1821.2,0.0,546.36,3,5463.6,127484.0,1821.2,4,4
GOLETA_NG,ngcc,bus_25824,58.0,0.0,17.4,3,174.0,4060.0,58.0,4,4
CARSON_NG,ngcc,bus_25824,499.2,0.0,149.76,3,1497.6,34944.0,499.2,4,4
BAKERSFIELD_NG,ngcc,bus_23230,95.8,0.0,28.74,3,287.4,6706.0,95.8,4,4
COALINGA_NG,ngcc,bus_23230,13.6,0.0,4.08,3,40.8,952.0,13.6,4,4
HURON_NG,ngcc,bus_23230,45.2,0.0,13.56,3,135.60000000000002,3164.0,45.2,4,4
DELANO_NG,ngcc,bus_23230,48.5,0.0,14.55,3,145.5,3395.0,48.5,4,4
HANFORD_NG,ngcc,bus_23230,92.2,0.0,27.66,3,276.6,6454.0,92.2,4,4
LEMOORE_NG,ngcc,bus_23230,98.0,0.0,29.4,3,294.0,6860.0,98.0,4,4
SELMA_NG,ngcc,bus_23230,36.2,0.0,10.86,3,108.60000000000001,2534.0,36.2,4,4
MODESTO_NG,ngcc,bus_23060,422.5,0.0,126.75,3,1267.5,29575.0,422.5,4,4
RIPON_NG,ngcc,bus_23060,170.5,0.0,51.15,3,511.5,11935.0,170.5,4,4
STOCKTON_NG,ngcc,bus_23060,4.8,0.0,1.44,3,14.399999999999999,336.0,4.8,4,4
TURLOCK_NG,ngcc,bus_23060,49.8,0.0,14.939999999999998,3,149.39999999999998,3486.0,49.8,4,4
SHINGLESPRINGS_NG,ngcc,bus_20136,5.0,0.0,1.5,3,15.0,350.0,5.0,4,4
YUBACITY_NG,ngcc,bus_20136,143.3,0.0,42.99,3,429.90000000000003,10031.0,143.3,4,4
MCCLELLAN_NG,ngcc,bus_20136,77.0,0.0,23.1,3,231.0,5390.0,77.0,4,4
ROSEVILLE_NG,ngcc,bus_20136,165.0,0.0,49.5,3,495.0,11550.0,165.0,4,4
ROCKLIN_NG,ngcc,bus_20136,66.0,0.0,19.8,3,198.0,4620.0,66.0,4,4
SACRAMENTO_NG,ngcc,bus_20136,173.9,0.0,52.17,3,521.7,12173.0,173.9,4,4
CARSON_NG_5,ngcc,bus_25598,55.8,0.0,16.74,3,167.39999999999998,3906.0,55.8,4,4
LOSANGELES_NG,ngcc,bus_25598,132.8,0.0,39.84,3,398.40000000000003,9296.0,132.8,4,4
HUNTINGTONPARK_NG,ngcc,bus_25598,6.7,0.0,2.01,3,20.1,469.0,6.7,4,4
CHOWCHILLA_NG,ngcc,bus_25867,49.6,0.0,14.88,3,148.8,3472.0,49.6,4,4
FRESNO_NG,ngcc,bus_25867,121.0,0.0,36.3,3,363.0,8470.0,121.0,4,4
LEBEC_NG,ngcc,bus_25867,779.0,0.0,233.7,3,2337.0,54530.0,779.0,4,4
TEHACHAPI_NG,ngcc,bus_25867,6.6,0.0,1.98,3,19.799999999999997,462.0,6.6,4,4
VALMY_C,coal,bus_25867,567.0,0.0,170.1,4,1701.0,39690.0,187.11,12,12
SANARDO_NG,ngcc,bus_26130,83.30000000000001,0.0,24.99,3,249.90000000000003,5831.000000000001,83.30000000000001,4,4
BAKERSFIELD_NG_6,ngcc,bus_26130,880.7,0.0,264.21,3,2642.1000000000004,61649.0,880.7,4,4
TAFT_NG,ngcc,bus_26130,114.70000000000002,0.0,34.410000000000004,3,344.1,8029.000000000001,114.70000000000002,4,4
MCKITTRICK_NG,ngcc,bus_26130,1302.6,0.0,390.78,3,3907.7999999999997,91182.0,1302.6,4,4
FELLOWS_NG,ngcc,bus_26130,983.7,0.0,295.11,3,2951.1000000000004,68859.0,983.7,4,4
TUPMAN_NG,ngcc,bus_26130,669.6,0.0,200.88,3,2008.8000000000002,46872.0,669.6,4,4
GOLETA_NG_7,ngcc,bus_26130,63.3,0.0,18.99,3,189.89999999999998,4431.0,63.3,4,4
SHAFTER_NG,ngcc,bus_26130,7.1,0.0,2.13,3,21.299999999999997,497.0,7.1,4,4
SANTAMARGARITA_NG,ngcc,bus_26130,1.1,0.0,0.33,3,3.3000000000000003,77.0,1.1,4,4
GROVERBEACH_NG,ngcc,bus_26130,1.4,0.0,0.42,3,4.199999999999999,98.0,1.4,4,4
SANJOSE_NG,ngcc,bus_23375,26.90000000000001,0.0,8.070000000000002,3,80.70000000000003,1883.0000000000007,26.90000000000001,4,4
FIREBAUGH_NG,ngcc,bus_23375,110.4,0.0,33.12,3,331.20000000000005,7728.0,110.4,4,4
GILROY_NG,ngcc,bus_23375,265.0,0.0,79.5,3,795.0,18550.0,265.0,4,4
COALINGA_NG_8,ngcc,bus_23375,6.8,0.0,2.04,3,20.4,476.0,6.8,4,4
SANTACLARA_NG,ngcc,bus_23375,6.300000000000001,0.0,1.89,3,18.900000000000002,441.00000000000006,6.300000000000001,4,4
COYOTE_NG,ngcc,bus_23375,637.2,0.0,191.16,3,1911.6000000000001,44604.0,637.2,4,4
SANJOAQUIN_NG,ngcc,bus_23375,619.8,0.0,185.94,3,1859.3999999999999,43386.0,619.8,4,4
KINGCITY_NG,ngcc,bus_23375,180.5,0.0,54.15,3,541.5,12635.0,180.5,4,4
MOSSLANDING_NG,ngcc,bus_23375,3102.0,0.0,930.6,3,9306.0,217140.0,3102.0,4,4
EARLIMART_NG,ngcc,bus_23375,1.0,0.0,0.3,3,3.0,70.0,1.0,4,4
TURLOCK_NG_9,ngcc,bus_23375,300.6,0.0,90.18,3,901.8000000000001,21042.0,300.6,4,4
SUNNYVALE_NG,ngcc,bus_23375,1.1,0.0,0.33,3,3.3000000000000003,77.0,1.1,4,4
VANNUYS_NG,ngcc,bus_25289,1.0,0.0,0.3,3,3.0,70.0,1.0,4,4
NEWHALL_NG,ngcc,bus_25289,42.8,0.0,12.839999999999998,3,128.39999999999998,2996.0,42.8,4,4
NORWALK_NG,ngcc,bus_25289,59.8,0.0,17.939999999999998,3,179.39999999999998,4186.0,59.8,4,4
PASADENA_NG,ngcc,bus_25289,265.6,0.0,79.68,3,796.8000000000001,18592.0,265.6,4,4
LOSANGELES_NG_10,ngcc,bus_25289,11.8,0.0,3.54,3,35.400000000000006,826.0,11.8,4,4
BURBANK_NG,ngcc,bus_25289,387.6,0.0,116.28,3,1162.8000000000002,27132.0,387.6,4,4
ONTARIO_NG,ngcc,bus_25289,30.8,0.0,9.24,3,92.4,2156.0,30.8,4,4
LAPUENTE_NG,ngcc,bus_25289,500.0,0.0,150.0,3,1500.0,35000.0,500.0,4,4
IRVINE_NG,ngcc,bus_28099,1.0,0.0,0.3,3,3.0,70.0,1.0,4,4
GARDENGROVE_NG,ngcc,bus_28099,6.1,0.0,1.83,3,18.299999999999997,427.0,6.1,4,4
STANTON_NG,ngcc,bus_28099,49.8,0.0,14.939999999999998,3,149.39999999999998,3486.0,49.8,4,4
ANAHEIM_NG,ngcc,bus_28099,201.4,0.0,60.42,3,604.2,14098.0,201.4,4,4
COLTON_NG,ngcc,bus_28099,44.8,0.0,13.44,3,134.39999999999998,3136.0,44.8,4,4
CORONA_NG,ngcc,bus_28099,49.0,0.0,14.7,3,147.0,3430.0,49.0,4,4
ENCINITAS_NG,ngcc,bus_28099,1.1,0.0,0.33,3,3.3000000000000003,77.0,1.1,4,4
LAGUNAHILLS_NG,ngcc,bus_28099,48.2,0.0,14.46,3,144.60000000000002,3374.0,48.2,4,4
ONTARIO_NG_11,ngcc,bus_28099,49.8,0.0,14.939999999999998,3,149.39999999999998,3486.0,49.8,4,4
RIVERSIDE_NG,ngcc,bus_28099,40.0,0.0,12.0,3,120.0,2800.0,40.0,4,4
TUSTIN_NG,ngcc,bus_28099,19.0,0.0,5.7,3,57.0,1330.0,19.0,4,4
SANMARCOS_NG,ngcc,bus_28099,2.0,0.0,0.6,3,6.0,140.0,2.0,4,4
HUNTINGTONBEACH_NG,ngcc,bus_28078,699.2,0.0,209.76,3,2097.6000000000004,48944.0,699.2,4,4
SANTAANA_NG,ngcc,bus_28078,4.5,0.0,1.35,3,13.5,315.0,4.5,4,4
SANJOSE_NG_12,ngcc,bus_21607,351.00000000000006,0.0,105.3,3,1053.0000000000002,24570.000000000004,351.00000000000006,4,4
SUNNYVALE_NG_13,ngcc,bus_21607,5.1,0.0,1.5299999999999998,3,15.299999999999999,357.0,5.1,4,4
FREMONT_NG,ngcc,bus_21607,1.3,0.0,0.39,3,3.9000000000000004,91.0,1.3,4,4
ELKGROVE_NG,ngcc,bus_21607,125.5,0.0,37.65,3,376.5,8785.0,125.5,4,4
MOUNTAINVIEW_NG,ngcc,bus_21607,5.5,0.0,1.65,3,16.5,385.0,5.5,4,4
MAXWELL_NG,ngcc,bus_21607,712.4,0.0,213.72,3,2137.2,49868.0,712.4,4,4
TRACY_NG,ngcc,bus_21607,338.70000000000005,0.0,101.61,3,1016.1000000000001,23709.000000000004,338.70000000000005,4,4
SUISUNCITY_NG,ngcc,bus_21607,141.0,0.0,42.3,3,423.0,9870.0,141.0,4,4
SANLORENZO_NG,ngcc,bus_21607,1.4,0.0,0.42,3,4.199999999999999,98.0,1.4,4,4
PITTSBURG_NG,ngcc,bus_21607,1621.8,0.0,486.54,3,4865.4,113526.0,1621.8,4,4
SANTACLARA_NG_14,ngcc,bus_21607,225.8,0.0,67.74,3,677.4000000000001,15806.0,225.8,4,4
CUPERTINO_NG,ngcc,bus_21607,5.9,0.0,1.77,3,17.700000000000003,413.0,5.9,4,4
MARTINEZ_NG,ngcc,bus_21607,113.5,0.0,34.05,3,340.5,7945.0,113.5,4,4
BELMONT_NG,ngcc,bus_21607,1.1,0.0,0.33,3,3.3000000000000003,77.0,1.1,4,4
ANTIOCH_NG,ngcc,bus_21607,1496.1,0.0,448.83,3,4488.299999999999,104727.0,1496.1,4,4
PLEASANTON_NG,ngcc,bus_21607,2.4,0.0,0.72,3,7.199999999999999,168.0,2.4,4,4
SANLEANDRO_NG,ngcc,bus_21607,2.0,0.0,0.6,3,6.0,140.0,2.0,4,4
UNIONCITY_NG,ngcc,bus_21607,1.1,0.0,0.33,3,3.3000000000000003,77.0,1.1,4,4
ACAMPO_NG,ngcc,bus_21607,27.4,0.0,8.219999999999999,3,82.19999999999999,1918.0,27.4,4,4
LODI_NG,ngcc,bus_21607,288.9,0.0,86.66999999999999,3,866.6999999999999,20223.0,288.9,4,4
BYRON_NG,ngcc,bus_21607,1521.6,0.0,456.48,3,4564.799999999999,106512.0,1521.6,4,4
RICHMOND_NG,ngcc,bus_21607,28.5,0.0,8.549999999999999,3,85.5,1995.0,28.5,4,4
HAYWARD_NG,ngcc,bus_21607,655.0,0.0,196.5,3,1965.0,45850.0,655.0,4,4
MILLBRAE_NG,ngcc,bus_21607,48.0,0.0,14.4,3,144.0,3360.0,48.0,4,4
SACRAMENTO_NG_15,ngcc,bus_21607,193.4,0.0,58.02,3,580.2,13538.0,193.4,4,4
SANFRANCISCO_NG,ngcc,bus_21607,1.6,0.0,0.48,3,4.800000000000001,112.0,1.6,4,4
STANFORD_NG,ngcc,bus_21607,6.0,0.0,1.7999999999999998,3,18.0,420.0,6.0,4,4
COLTON_NG_16,ngcc,bus_28302,105.3,0.0,31.59,3,315.9,7371.0,105.3,4,4
REDLANDS_NG,ngcc,bus_28302,3.5,0.0,1.05,3,10.5,245.0,3.5,4,4
RANCHOCUCAMONGA_NG,ngcc,bus_28302,59.8,0.0,17.939999999999998,3,179.39999999999998,4186.0,59.8,4,4
ONTARIO_NG_17,ngcc,bus_28302,67.0,0.0,20.1,3,201.0,4690.0,67.0,4,4
RIVERSIDE_NG_18,ngcc,bus_28302,196.0,0.0,58.8,3,588.0,13720.0,196.0,4,4
VACAVILLE_NG,ngcc,bus_20484,62.5,0.0,18.75,3,187.5,4375.0,62.5,4,4
NAPA_NG,ngcc,bus_20484,1.1,0.0,0.33,3,3.3000000000000003,77.0,1.1,4,4
AMERICANCANYON_NG,ngcc,bus_20484,4.8,0.0,1.44,3,14.399999999999999,336.0,4.8,4,4
ELSOBRANTE_NG,ngcc,bus_20484,198.6,0.0,59.58,3,595.8,13902.0,198.6,4,4
FAIRFIELD_NG,ngcc,bus_20484,49.8,0.0,14.939999999999998,3,149.39999999999998,3486.0,49.8,4,4
SANTAROSA_NG,ngcc,bus_20484,1.4,0.0,0.42,3,4.199999999999999,98.0,1.4,4,4
ALAMEDA_NG,ngcc,bus_21140,54.8,0.0,16.439999999999998,3,164.39999999999998,3836.0,54.8,4,4
DALYCITY_NG,ngcc,bus_21140,1.5,0.0,0.4499999999999999,3,4.5,105.0,1.5,4,4
OAKLAND_NG,ngcc,bus_21140,1.1,0.0,0.33,3,3.3000000000000003,77.0,1.1,4,4
FULLERTON_NG,ngcc,bus_25730,1.3,0.0,0.39,3,3.9000000000000004,91.0,1.3,4,4
ARTESIA_NG,ngcc,bus_25730,5.5,0.0,1.65,3,16.5,385.0,5.5,4,4
ANAHEIM_NG_19,ngcc,bus_25730,31.7,0.0,9.51,3,95.1,2219.0,31.7,4,4
JANESVILLE_NG,ngcc,bus_30001,6.0,0.0,1.7999999999999998,3,18.0,420.0,6.0,4,4
YERINGTON_NG,ngcc,bus_30001,230.0,0.0,69.0,3,690.0,16100.0,230.0,4,4
SPARKS_NG,ngcc,bus_30001,118.6,0.0,35.58,3,355.79999999999995,8302.0,118.6,4,4
YUBACITY_NG_20,ngcc,bus_13695,685.5,0.0,205.65,3,2056.5,47985.0,685.5,4,4
OROVILLE_NG,ngcc,bus_13695,7.7,0.0,2.31,3,23.1,539.0,7.7,4,4
REDBLUFF_NG,ngcc,bus_13695,46.4,0.0,13.92,3,139.2,3248.0,46.4,4,4
REDDING_NG,ngcc,bus_13695,183.1,0.0,54.93,3,549.3,12817.0,183.1,4,4
BOARDMAN_C,coal,bus_13695,642.2,0.0,192.66,4,1926.6000000000001,44954.0,211.92600000000002,12,12
BOARDMAN_NG,ngcc,bus_13695,500.0,0.0,150.0,3,1500.0,35000.0,500.0,4,4
KLAMATHFALLS_NG,ngcc,bus_13695,619.1,0.0,185.73,3,1857.3000000000002,43337.0,619.1,4,4
EUGENE_NG,ngcc,bus_13695,11.0,0.0,3.3,3,33.0,770.0,11.0,4,4
SALINAS_NG,ngcc,bus_23017,4.1,0.0,1.2299999999999998,3,12.299999999999999,287.0,4.1,4,4
VANNUYS_NG_21,ngcc,bus_25160,1.0,0.0,0.3,3,3.0,70.0,1.0,4,4
LOSANGELES_NG_22,ngcc,bus_25160,44.0,0.0,13.2,3,132.0,3080.0,44.0,4,4
NEWHALL_NG_23,ngcc,bus_25160,5.6,0.0,1.68,3,16.799999999999997,392.0,5.6,4,4
VENICE_NG,ngcc,bus_25160,1.2,0.0,0.36,3,3.5999999999999996,84.0,1.2,4,4
LODI_NG_24,ngcc,bus_23054,50.0,0.0,15.0,3,150.0,3500.0,50.0,4,4
CONCORD_NG,ngcc,bus_21165,3.5,0.0,1.05,3,10.5,245.0,3.5,4,4
CROCKETT_NG,ngcc,bus_21165,247.4,0.0,74.22,3,742.2,17318.0,247.4,4,4
MARTINEZ_NG_25,ngcc,bus_21165,100.0,0.0,30.0,3,300.0,7000.0,100.0,4,4
BENICIA_NG,ngcc,bus_21165,51.0,0.0,15.3,3,153.0,3570.0,51.0,4,4
CARLSBAD_NG,ngcc,bus_29016,764.5,0.0,229.35,3,2293.5,53515.0,764.5,4,4
SANDIEGO_NG,ngcc,bus_29016,1352.7999999999995,0.0,405.8399999999999,3,4058.3999999999987,94695.99999999997,1352.7999999999995,4,4
ESCONDIDO_NG,ngcc,bus_29016,669.3,0.0,200.79,3,2007.8999999999999,46851.0,669.3,4,4
CHULAVISTA_NG,ngcc,bus_29016,44.0,0.0,13.2,3,132.0,3080.0,44.0,4,4
COACHELLA_NG,ngcc,bus_29016,92.4,0.0,27.72,3,277.20000000000005,6468.0,92.4,4,4
ELCAJON_NG,ngcc,bus_29016,98.6,0.0,29.58,3,295.79999999999995,6902.0,98.6,4,4
CORONADO_NG,ngcc,bus_29016,1.6,0.0,0.48,3,4.800000000000001,112.0,1.6,4,4
PALA_NG,ngcc,bus_29016,118.0,0.0,35.4,3,354.0,8260.0,118.0,4,4
IMPERIAL_NG,ngcc,bus_29016,58.7,0.0,17.61,3,176.10000000000002,4109.0,58.7,4,4
RIALTO_NG,ngcc,bus_28401,1.4,0.0,0.42,3,4.199999999999999,98.0,1.4,4,4
FONTANA_NG,ngcc,bus_28401,1.1,0.0,0.33,3,3.3000000000000003,77.0,1.1,4,4
SANDIEGO_NG_26,ngcc,bus_28474,51.400000000000006,0.0,15.420000000000002,3,154.20000000000002,3598.0000000000005,51.400000000000006,4,4
RANCHOSANTAFE_NG,ngcc,bus_28474,35.5,0.0,10.65,3,106.5,2485.0,35.5,4,4
MONTEREYPARK_NG,ngcc,bus_25618,1.0,0.0,0.3,3,3.0,70.0,1.0,4,4
BURBANK_NG_27,ngcc,bus_25400,62.9,0.0,18.87,3,188.7,4403.0,62.9,4,4
LOSANGELES_NG_28,ngcc,bus_25400,34.5,0.0,10.35,3,103.5,2415.0,34.5,4,4
SANTAMONICA_NG,ngcc,bus_26213,9.2,0.0,2.76,3,27.599999999999998,644.0,9.2,4,4
PLAYADELREY_NG,ngcc,bus_26213,1718.8,0.0,515.64,3,5156.4,120316.0,1718.8,4,4
WILMINGTON_NG,ngcc,bus_25375,140.9,0.0,42.27,3,422.70000000000005,9863.0,140.9,4,4
TORRANCE_NG,ngcc,bus_25375,1.6,0.0,0.48,3,4.800000000000001,112.0,1.6,4,4
VENICE_NG_29,ngcc,bus_25385,3.5,0.0,1.05,3,10.5,245.0,3.5,4,4
SANPEDRO_NG,ngcc,bus_25385,1.1,0.0,0.33,3,3.3000000000000003,77.0,1.1,4,4
OCEANSIDE_NG,ngcc,bus_28365,2.5,0.0,0.75,3,7.5,175.0,2.5,4,4
LAPUENTE_NG_30,ngcc,bus_25714,13.9,0.0,4.17,3,41.7,973.0,13.9,4,4
ONTARIO_NG_31,ngcc,bus_25714,2.7,0.0,0.81,3,8.100000000000001,189.0,2.7,4,4
SANDIEGO_NG_32,ngcc,bus_28549,3.5,0.0,1.05,3,10.5,245.0,3.5,4,4
LASVEGAS_NG_33,ngcc,bus_30207,222.0,0.0,66.6,3,666.0,15540.0,222.0,4,4
SANFRANCISCO_NG_34,ngcc,bus_21121,167.4,0.0,50.22,3,502.20000000000005,11718.0,167.4,4,4
SOUTHGATE_NG,ngcc,bus_25403,1.0,0.0,0.3,3,3.0,70.0,1.0,4,4
DENVER_NG,ngcc,bus_60514,194.0,0.0,58.2,3,582.0,13580.0,194.0,4,4
AURORA_NG,ngcc,bus_60514,397.8,0.0,119.34,3,1193.4,27846.0,397.8,4,4
BRUSH_NG,ngcc,bus_60514,300.0,0.0,90.0,3,900.0,21000.0,300.0,4,4
BRUSH_C,coal,bus_60514,552.3,0.0,165.68999999999997,4,1656.8999999999999,38661.0,182.259,12,12
FORTMORGAN_C,coal,bus_60514,3.0,0.0,0.8999999999999999,4,9.0,210.0,0.99,12,12
ALAMOSA_NG,ngcc,bus_60658,53.2,0.0,15.96,3,159.60000000000002,3724.0,53.2,4,4
PUEBLO_C,coal,bus_60658,1635.3,0.0,490.59,4,4905.9,114471.0,539.649,12,12
FOUNTAIN_NG,ngcc,bus_60658,782.3,0.0,234.69,3,2346.8999999999996,54761.0,782.3,4,4
COLORADOSPRINGS_NG,ngcc,bus_60658,61.1,0.0,18.33,3,183.3,4277.0,61.1,4,4
HAYDEN_C,coal,bus_60658,465.4,0.0,139.61999999999998,4,1396.1999999999998,32578.0,153.582,12,12
LIMON_NG,ngcc,bus_60658,154.2,0.0,46.26,3,462.59999999999997,10794.0,154.2,4,4
COLORADOSPRINGS_C,coal,bus_60658,257.3,0.0,77.19,4,771.9000000000001,18011.0,84.909,12,12
PUEBLO_NG,ngcc,bus_60658,540.0,0.0,162.0,3,1620.0,37800.0,540.0,4,4
FOUNTAIN_C,coal,bus_60658,282.6,0.0,84.78,4,847.8000000000001,19782.0,93.25800000000001,12,12
GYPSUM_NG,ngcc,bus_53294,9.6,0.0,2.88,3,28.799999999999997,672.0,9.6,4,4
CRAIG_C,coal,bus_53294,1427.6,0.0,428.28,4,4282.799999999999,99932.0,471.108,12,12
RIFLE_NG,ngcc,bus_53294,84.0,0.0,25.2,3,252.0,5880.0,84.0,4,4
ALGODONES_NG,ngcc,bus_53294,45.0,0.0,13.5,3,135.0,3150.0,45.0,4,4
PREWITT_C,coal,bus_53294,257.0,0.0,77.1,4,771.0,17990.0,84.81,12,12
FRUITLAND_C,coal,bus_53294,2269.6,0.0,680.88,4,6808.799999999999,158872.0,748.968,12,12
BELEN_NG,ngcc,bus_53294,740.7,0.0,222.21,3,2222.1000000000004,51849.0,740.7,4,4
WATERFLOW_NG,ngcc,bus_53294,292.6,0.0,87.78,3,877.8000000000001,20482.0,292.6,4,4
ALBUQUERQUE_NG,ngcc,bus_53294,310.6,0.0,93.18,3,931.8000000000001,21742.0,310.6,4,4
GRANDJUNCTION_NG,ngcc,bus_60003,26.6,0.0,7.98,3,79.80000000000001,1862.0,26.6,4,4
BRUSH_NG_35,ngcc,bus_70170,297.2,0.0,89.16,3,891.5999999999999,20804.0,297.2,4,4
PLATTEVILLE_NG,ngcc,bus_70170,1148.5,0.0,344.55,3,3445.5,80395.0,1148.5,4,4
COMMERCECITY_NG,ngcc,bus_70170,154.2,0.0,46.26,3,462.59999999999997,10794.0,154.2,4,4
FORTLUPTON_NG,ngcc,bus_70170,396.9,0.0,119.07,3,1190.6999999999998,27783.0,396.9,4,4
WELLINGTON_C,coal,bus_70170,800.4,0.0,240.12,4,2401.2,56028.0,264.132,12,12
KEENESBURG_NG,ngcc,bus_70170,685.1,0.0,205.53,3,2055.3,47957.0,685.1,4,4
FREDERICK_NG,ngcc,bus_70170,420.0,0.0,126.0,3,1260.0,29400.0,420.0,4,4
SUNDANCE_NG,ngcc,bus_70170,175.0,0.0,52.5,3,525.0,12250.0,175.0,4,4
CHEYENNE_NG,ngcc,bus_70170,220.0,0.0,66.0,3,660.0,15400.0,220.0,4,4
WHEATLAND_C,coal,bus_70170,1710.0,0.0,513.0,4,5130.0,119700.0,564.3000000000001,12,12
FORTLUPTON_NG_36,ngcc,bus_60194,100.8,0.0,30.24,3,302.4,7056.0,100.8,4,4
ARVADA_NG,ngcc,bus_60194,231.6,0.0,69.47999999999999,3,694.8,16212.0,231.6,4,4
BOULDER_NG,ngcc,bus_60194,426.2,0.0,127.86,3,1278.6,29834.0,426.2,4,4
TRINIDAD_NG,ngcc,bus_60577,12.9,0.0,3.87,3,38.7,903.0,12.9,4,4
SPOKANE_NG,ngcc,bus_74235,61.8,0.0,18.54,3,185.39999999999998,4326.0,61.8,4,4
TWINFALLS_NG,ngcc,bus_74104,10.2,0.0,3.06,3,30.599999999999998,714.0,10.2,4,4
MOUNTAINHOME_NG,ngcc,bus_74104,663.7,0.0,199.11,3,1991.1000000000001,46459.0,663.7,4,4
BATTLEMOUNTAIN_C,coal,bus_74104,409.6,0.0,122.88,4,1228.8000000000002,28672.0,135.168,12,12
PROVO_NG,ngcc,bus_50099,28.5,0.0,8.549999999999999,3,85.5,1995.0,28.5,4,4
LOGAN_NG,ngcc,bus_50099,5.0,0.0,1.5,3,15.0,350.0,5.0,4,4
WESTJORDAN_NG,ngcc,bus_50099,9.8,0.0,2.94,3,29.400000000000002,686.0,9.8,4,4
SALTLAKECITY_NG,ngcc,bus_50099,788.9,0.0,236.67,3,2366.7,55223.0,788.9,4,4
CASTLEDALE_C,coal,bus_50099,1577.2,0.0,473.16,4,4731.6,110404.0,520.476,12,12
HUNTINGTON_C,coal,bus_50099,1037.3,0.0,311.19,4,3111.8999999999996,72611.0,342.309,12,12
BOUNTIFUL_NG,ngcc,bus_50099,3.0,0.0,0.8999999999999999,3,9.0,210.0,3.0,4,4
OREM_NG,ngcc,bus_50099,1385.0,0.0,415.5,3,4155.0,96950.0,1385.0,4,4
PAYSON_NG,ngcc,bus_50099,149.7,0.0,44.91,3,449.09999999999997,10479.0,149.7,4,4
SANDY_NG,ngcc,bus_50099,1.8,0.0,0.54,3,5.4,126.0,1.8,4,4
SUNNYSIDE_C,coal,bus_50099,58.1,0.0,17.43,4,174.3,4067.0,19.173000000000002,12,12
GRANTSVILLE_NG,ngcc,bus_50099,78.0,0.0,23.4,3,234.0,5460.0,78.0,4,4
MAPLETON_NG,ngcc,bus_50099,31.0,0.0,9.3,3,93.0,2170.0,31.0,4,4
REXBURG_NG,ngcc,bus_70000,5.6,0.0,1.68,3,16.799999999999997,392.0,5.6,4,4
RIVERTON_NG,ngcc,bus_70000,5.9,0.0,1.77,3,17.700000000000003,413.0,5.9,4,4
LANDER_NG,ngcc,bus_70000,8.0,0.0,2.4,3,24.0,560.0,8.0,4,4
NEWPLYMOUTH_NG,ngcc,bus_74001,318.5,0.0,95.55,3,955.5,22295.0,318.5,4,4
BUTTE_NG,ngcc,bus_74132,54.9,0.0,16.47,3,164.7,3843.0,54.9,4,4
ANACONDA_NG,ngcc,bus_74132,203.1,0.0,60.92999999999999,3,609.3,14217.0,203.1,4,4
RATHDRUM_NG,ngcc,bus_10677,467.9,0.0,140.36999999999998,3,1403.6999999999998,32753.0,467.9,4,4
NEWMANLAKE_NG,ngcc,bus_10677,24.6,0.0,7.38,3,73.80000000000001,1722.0,24.6,4,4
VERNAL_C,coal,bus_70151,609.5,0.0,182.85,4,1828.5,42665.0,201.13500000000002,12,12
GREENRIVER_C,coal,bus_70151,71.0,0.0,21.3,4,213.0,4970.0,23.43,12,12
POINTOFROCKS_C,coal,bus_70151,2441.9,0.0,732.57,4,7325.700000000001,170933.0,805.8270000000001,12,12
KEMMERER_C,coal,bus_70151,832.0,0.0,249.6,4,2496.0,58240.0,274.56,12,12
COLSTRIP_C,coal,bus_77254,2409.5,0.0,722.85,4,7228.5,168665.0,795.135,12,12
HARDIN_C,coal,bus_77254,115.7,0.0,34.71,4,347.1,8099.0,38.181000000000004,12,12
BILLINGS_C,coal,bus_77254,1.5,0.0,0.4499999999999999,4,4.5,105.0,0.495,12,12
LAMESA_NG,ngcc,bus_80007,464.0,0.0,139.2,3,1392.0,32480.0,464.0,4,4
VADO_NG,ngcc,bus_80007,4.7,0.0,1.41,3,14.100000000000001,329.0,4.7,4,4
LORDSBURG_NG_37,ngcc,bus_80007,186.0,0.0,55.8,3,558.0,13020.0,186.0,4,4
ELPASO_NG,ngcc,bus_80007,86.9,0.0,26.07,3,260.70000000000005,6083.0,86.9,4,4
FARMINGTON_NG,ngcc,bus_53213,67.0,0.0,20.1,3,201.0,4690.0,67.0,4,4
WATERFLOW_C,coal,bus_53213,1848.0,0.0,554.4,4,5544.0,129360.0,609.84,12,12
MOAPA_NG,ngcc,bus_30347,1210.0,0.0,363.0,3,3630.0,84700.0,1210.0,4,4
LASVEGAS_NG_38,ngcc,bus_30221,94.8,0.0,28.44,3,284.4,6636.0,94.8,4,4
LASVEGAS_NG_39,ngcc,bus_30220,8.6,0.0,2.58,3,25.799999999999997,602.0,8.6,4,4
BOULDERCITY_NG,ngcc,bus_30220,536.0,0.0,160.79999999999998,3,1608.0,37520.0,536.0,4,4
HENDERSON_NG,ngcc,bus_30220,127.2,0.0,38.16,3,381.6,8904.0,127.2,4,4
BOULDERCITY_NG_40,ngcc,bus_30182,75.7,0.0,22.71,3,227.10000000000002,5299.0,75.7,4,4
ELY_C,coal,bus_50383,1500.0,0.0,450.0,4,4500.0,105000.0,495.0,12,12
MONA_NG,ngcc,bus_50383,649.0,0.0,194.7,3,1947.0,45430.0,649.0,4,4
LAVERKIN_NG,ngcc,bus_50383,16.0,0.0,4.8,3,48.0,1120.0,16.0,4,4
DELTA_C,coal,bus_50383,2480.0,0.0,744.0,4,7440.0,173600.0,818.4000000000001,12,12
SAINTGEORGE_NG,ngcc,bus_50383,86.0,0.0,25.8,3,258.0,6020.0,86.0,4,4
NORTHLASVEGAS_NG,ngcc,bus_30146,358.9,0.0,107.67,3,1076.6999999999998,25123.0,358.9,4,4
LASVEGAS_NG_41,ngcc,bus_30205,96.3,0.0,28.89,3,288.9,6741.0,96.3,4,4
CLATSKANIE_NG,ngcc,bus_10093,1330.1999999999998,0.0,399.06,3,3990.5999999999995,93113.99999999999,1330.1999999999998,4,4
CORVALLIS_NG,ngcc,bus_10093,6.5,0.0,1.95,3,19.5,455.0,6.5,4,4
LONGVIEW_NG,ngcc,bus_10093,319.0,0.0,95.7,3,957.0,22330.0,319.0,4,4
VANCOUVER_NG,ngcc,bus_10093,248.0,0.0,74.39999999999999,3,744.0,17360.0,248.0,4,4
BOARDMAN_NG_42,ngcc,bus_13506,583.0,0.0,174.9,3,1749.0,40810.0,583.0,4,4
HERMISTON_NG,ngcc,bus_13506,1734.6,0.0,520.38,3,5203.799999999999,121422.0,1734.6,4,4
GOLDENDALE_NG,ngcc,bus_13506,284.3,0.0,85.29,3,852.9000000000001,19901.0,284.3,4,4
ELPASO_NG_43,ngcc,bus_80046,527.2,0.0,158.16,3,1581.6000000000001,36904.0,527.2,4,4
ELPASO_NG_44,ngcc,bus_80086,1109.8,0.0,332.94,3,3329.3999999999996,77686.0,1109.8,4,4
ELPASO_NG_45,ngcc,bus_80050,19.6,0.0,5.88,3,58.800000000000004,1372.0,19.6,4,4
TACOMA_NG,ngcc,bus_10344,177.8,0.0,53.34,3,533.4000000000001,12446.0,177.8,4,4
SEATTLE_NG,ngcc,bus_10228,15.0,0.0,4.5,3,45.0,1050.0,15.0,4,4
CHEHALIS_NG,ngcc,bus_10025,698.0,0.0,209.4,3,2094.0,48860.0,698.0,4,4
BELLINGHAM_NG,ngcc,bus_10750,176.4,0.0,52.92,3,529.2,12348.0,176.4,4,4
BLAINE_NG,ngcc,bus_10750,454.7,0.0,136.41,3,1364.1,31829.0,454.7,4,4
BURLINGTON_NG,ngcc,bus_10750,376.0,0.0,112.8,3,1128.0,26320.0,376.0,4,4
SUMAS_NG,ngcc,bus_10750,125.5,0.0,37.65,3,376.5,8785.0,125.5,4,4
TACOMA_NG_46,ngcc,bus_10022,318.3,0.0,95.49,3,954.9000000000001,22281.0,318.3,4,4
ELMA_NG,ngcc,bus_10022,697.8,0.0,209.34,3,2093.3999999999996,48846.0,697.8,4,4
WRIGHT_NG,ngcc,bus_70095,22.5,0.0,6.75,3,67.5,1575.0,22.5,4,4
GLENROCK_C,coal,bus_70095,922.2,0.0,276.66,4,2766.6000000000004,64554.0,304.326,12,12
WRIGHT_C,coal,bus_70095,483.7,0.0,145.11,4,1451.1,33859.0,159.621,12,12
GILLETTE_C,coal,bus_70095,833.3,0.0,249.99,4,2499.8999999999996,58331.0,274.989,12,12
GILLETTE_NG,ngcc,bus_70095,40.0,0.0,12.0,3,120.0,2800.0,40.0,4,4
GILLETTE_NG_47,ngcc,bus_70063,45.0,0.0,13.5,3,135.0,3150.0,45.0,4,4
bus_10022_WIND,wind,bus_10022,100000.0,0.0,0.0,0,0.0,0.0,0.0,0,0
bus_10025_WIND,wind,bus_10025,100000.0,0.0,0.0,0,0.0,0.0,0.0,0,0
bus_10600_WIND,wind,bus_10600,100000.0,0.0,0.0,0,0.0,0.0,0.0,0,0
bus_10677_WIND,wind,bus_10677,100000.0,0.0,0.0,0,0.0,0.0,0.0,0,0
bus_13420_WIND,wind,bus_13420,100000.0,0.0,0.0,0,0.0,0.0,0.0,0,0
bus_13446_WIND,wind,bus_13446,100000.0,0.0,0.0,0,0.0,0.0,0.0,0,0
bus_13506_WIND,wind,bus_13506,100000.0,0.0,0.0,0,0.0,0.0,0.0,0,0
bus_13695_WIND,wind,bus_13695,100000.0,0.0,0.0,0,0.0,0.0,0.0,0,0
bus_20136_WIND,wind,bus_20136,100000.0,0.0,0.0,0,0.0,0.0,0.0,0,0
bus_20484_WIND,wind,bus_20484,100000.0,0.0,0.0,0,0.0,0.0,0.0,0,0
bus_21607_WIND,wind,bus_21607,100000.0,0.0,0.0,0,0.0,0.0,0.0,0,0
bus_23017_WIND,wind,bus_23017,100000.0,0.0,0.0,0,0.0,0.0,0.0,0,0
bus_23054_WIND,wind,bus_23054,100000.0,0.0,0.0,0,0.0,0.0,0.0,0,0
bus_23375_WIND,wind,bus_23375,100000.0,0.0,0.0,0,0.0,0.0,0.0,0,0
bus_25160_WIND,wind,bus_25160,100000.0,0.0,0.0,0,0.0,0.0,0.0,0,0
bus_25289_WIND,wind,bus_25289,100000.0,0.0,0.0,0,0.0,0.0,0.0,0,0
bus_25375_WIND,wind,bus_25375,100000.0,0.0,0.0,0,0.0,0.0,0.0,0,0
bus_25400_WIND,wind,bus_25400,100000.0,0.0,0.0,0,0.0,0.0,0.0,0,0
bus_25439_WIND,wind,bus_25439,100000.0,0.0,0.0,0,0.0,0.0,0.0,0,0
bus_25598_WIND,wind,bus_25598,100000.0,0.0,0.0,0,0.0,0.0,0.0,0,0
bus_25618_WIND,wind,bus_25618,100000.0,0.0,0.0,0,0.0,0.0,0.0,0,0
bus_25824_WIND,wind,bus_25824,100000.0,0.0,0.0,0,0.0,0.0,0.0,0,0
bus_25867_WIND,wind,bus_25867,100000.0,0.0,0.0,0,0.0,0.0,0.0,0,0
bus_26130_WIND,wind,bus_26130,100000.0,0.0,0.0,0,0.0,0.0,0.0,0,0
bus_26213_WIND,wind,bus_26213,100000.0,0.0,0.0,0,0.0,0.0,0.0,0,0
bus_28099_WIND,wind,bus_28099,100000.0,0.0,0.0,0,0.0,0.0,0.0,0,0
bus_28302_WIND,wind,bus_28302,100000.0,0.0,0.0,0,0.0,0.0,0.0,0,0
bus_28401_WIND,wind,bus_28401,100000.0,0.0,0.0,0,0.0,0.0,0.0,0,0
bus_28879_WIND,wind,bus_28879,100000.0,0.0,0.0,0,0.0,0.0,0.0,0,0
bus_29016_WIND,wind,bus_29016,100000.0,0.0,0.0,0,0.0,0.0,0.0,0,0
bus_40008_WIND,wind,bus_40008,100000.0,0.0,0.0,0,0.0,0.0,0.0,0,0
bus_50007_WIND,wind,bus_50007,100000.0,0.0,0.0,0,0.0,0.0,0.0,0,0
bus_50024_WIND,wind,bus_50024,100000.0,0.0,0.0,0,0.0,0.0,0.0,0,0
bus_50099_WIND,wind,bus_50099,100000.0,0.0,0.0,0,0.0,0.0,0.0,0,0
bus_50316_WIND,wind,bus_50316,100000.0,0.0,0.0,0,0.0,0.0,0.0,0,0
bus_50383_WIND,wind,bus_50383,100000.0,0.0,0.0,0,0.0,0.0,0.0,0,0
bus_53000_WIND,wind,bus_53000,100000.0,0.0,0.0,0,0.0,0.0,0.0,0,0
bus_53012_WIND,wind,bus_53012,100000.0,0.0,0.0,0,0.0,0.0,0.0,0,0
bus_53294_WIND,wind,bus_53294,100000.0,0.0,0.0,0,0.0,0.0,0.0,0,0
bus_60000_WIND,wind,bus_60000,100000.0,0.0,0.0,0,0.0,0.0,0.0,0,0
bus_60194_WIND,wind,bus_60194,100000.0,0.0,0.0,0,0.0,0.0,0.0,0,0
bus_60514_WIND,wind,bus_60514,100000.0,0.0,0.0,0,0.0,0.0,0.0,0,0
bus_60577_WIND,wind,bus_60577,100000.0,0.0,0.0,0,0.0,0.0,0.0,0,0
bus_60658_WIND,wind,bus_60658,100000.0,0.0,0.0,0,0.0,0.0,0.0,0,0
bus_70000_WIND,wind,bus_70000,100000.0,0.0,0.0,0,0.0,0.0,0.0,0,0
bus_70016_WIND,wind,bus_70016,100000.0,0.0,0.0,0,0.0,0.0,0.0,0,0
bus_70037_WIND,wind,bus_70037,100000.0,0.0,0.0,0,0.0,0.0,0.0,0,0
bus_70095_WIND,wind,bus_70095,100000.0,0.0,0.0,0,0.0,0.0,0.0,0,0
bus_70151_WIND,wind,bus_70151,100000.0,0.0,0.0,0,0.0,0.0,0.0,0,0
bus_70170_WIND,wind,bus_70170,100000.0,0.0,0.0,0,0.0,0.0,0.0,0,0
bus_74001_WIND,wind,bus_74001,100000.0,0.0,0.0,0,0.0,0.0,0.0,0,0
bus_74104_WIND,wind,bus_74104,100000.0,0.0,0.0,0,0.0,0.0,0.0,0,0
bus_74132_WIND,wind,bus_74132,100000.0,0.0,0.0,0,0.0,0.0,0.0,0,0
bus_74235_WIND,wind,bus_74235,100000.0,0.0,0.0,0,0.0,0.0,0.0,0,0
bus_77254_WIND,wind,bus_77254,100000.0,0.0,0.0,0,0.0,0.0,0.0,0,0
bus_10093_SOLAR,solar,bus_10093,100000.0,0.0,0.0,0,0.0,0.0,0.0,0,0
bus_13366_SOLAR,solar,bus_13366,100000.0,0.0,0.0,0,0.0,0.0,0.0,0,0
bus_13420_SOLAR,solar,bus_13420,100000.0,0.0,0.0,0,0.0,0.0,0.0,0,0
bus_13446_SOLAR,solar,bus_13446,100000.0,0.0,0.0,0,0.0,0.0,0.0,0,0
bus_13506_SOLAR,solar,bus_13506,100000.0,0.0,0.0,0,0.0,0.0,0.0,0,0
bus_13695_SOLAR,solar,bus_13695,100000.0,0.0,0.0,0,0.0,0.0,0.0,0,0
bus_20136_SOLAR,solar,bus_20136,100000.0,0.0,0.0,0,0.0,0.0,0.0,0,0
bus_20484_SOLAR,solar,bus_20484,100000.0,0.0,0.0,0,0.0,0.0,0.0,0,0
bus_21165_SOLAR,solar,bus_21165,100000.0,0.0,0.0,0,0.0,0.0,0.0,0,0
bus_21607_SOLAR,solar,bus_21607,100000.0,0.0,0.0,0,0.0,0.0,0.0,0,0
bus_23017_SOLAR,solar,bus_23017,100000.0,0.0,0.0,0,0.0,0.0,0.0,0,0
bus_23054_SOLAR,solar,bus_23054,100000.0,0.0,0.0,0,0.0,0.0,0.0,0,0
bus_23060_SOLAR,solar,bus_23060,100000.0,0.0,0.0,0,0.0,0.0,0.0,0,0
bus_23230_SOLAR,solar,bus_23230,100000.0,0.0,0.0,0,0.0,0.0,0.0,0,0
bus_23263_SOLAR,solar,bus_23263,100000.0,0.0,0.0,0,0.0,0.0,0.0,0,0
bus_23375_SOLAR,solar,bus_23375,100000.0,0.0,0.0,0,0.0,0.0,0.0,0,0
bus_25160_SOLAR,solar,bus_25160,100000.0,0.0,0.0,0,0.0,0.0,0.0,0,0
bus_25289_SOLAR,solar,bus_25289,100000.0,0.0,0.0,0,0.0,0.0,0.0,0,0
bus_25375_SOLAR,solar,bus_25375,100000.0,0.0,0.0,0,0.0,0.0,0.0,0,0
bus_25385_SOLAR,solar,bus_25385,100000.0,0.0,0.0,0,0.0,0.0,0.0,0,0
bus_25400_SOLAR,solar,bus_25400,100000.0,0.0,0.0,0,0.0,0.0,0.0,0,0
bus_25595_SOLAR,solar,bus_25595,100000.0,0.0,0.0,0,0.0,0.0,0.0,0,0
bus_25598_SOLAR,solar,bus_25598,100000.0,0.0,0.0,0,0.0,0.0,0.0,0,0
bus_25618_SOLAR,solar,bus_25618,100000.0,0.0,0.0,0,0.0,0.0,0.0,0,0
bus_25675_SOLAR,solar,bus_25675,100000.0,0.0,0.0,0,0.0,0.0,0.0,0,0
bus_25714_SOLAR,solar,bus_25714,100000.0,0.0,0.0,0,0.0,0.0,0.0,0,0
bus_25730_SOLAR,solar,bus_25730,100000.0,0.0,0.0,0,0.0,0.0,0.0,0,0
bus_25824_SOLAR,solar,bus_25824,100000.0,0.0,0.0,0,0.0,0.0,0.0,0,0
bus_25867_SOLAR,solar,bus_25867,100000.0,0.0,0.0,0,0.0,0.0,0.0,0,0
bus_26130_SOLAR,solar,bus_26130,100000.0,0.0,0.0,0,0.0,0.0,0.0,0,0
bus_28060_SOLAR,solar,bus_28060,100000.0,0.0,0.0,0,0.0,0.0,0.0,0,0
bus_28099_SOLAR,solar,bus_28099,100000.0,0.0,0.0,0,0.0,0.0,0.0,0,0
bus_28302_SOLAR,solar,bus_28302,100000.0,0.0,0.0,0,0.0,0.0,0.0,0,0
bus_28365_SOLAR,solar,bus_28365,100000.0,0.0,0.0,0,0.0,0.0,0.0,0,0
bus_28401_SOLAR,solar,bus_28401,100000.0,0.0,0.0,0,0.0,0.0,0.0,0,0
bus_28474_SOLAR,solar,bus_28474,100000.0,0.0,0.0,0,0.0,0.0,0.0,0,0
bus_28549_SOLAR,solar,bus_28549,100000.0,0.0,0.0,0,0.0,0.0,0.0,0,0
bus_28879_SOLAR,solar,bus_28879,100000.0,0.0,0.0,0,0.0,0.0,0.0,0,0
bus_29016_SOLAR,solar,bus_29016,100000.0,0.0,0.0,0,0.0,0.0,0.0,0,0
bus_30001_SOLAR,solar,bus_30001,100000.0,0.0,0.0,0,0.0,0.0,0.0,0,0
bus_30124_SOLAR,solar,bus_30124,100000.0,0.0,0.0,0,0.0,0.0,0.0,0,0
bus_30146_SOLAR,solar,bus_30146,100000.0,0.0,0.0,0,0.0,0.0,0.0,0,0
bus_30172_SOLAR,solar,bus_30172,100000.0,0.0,0.0,0,0.0,0.0,0.0,0,0
bus_30182_SOLAR,solar,bus_30182,100000.0,0.0,0.0,0,0.0,0.0,0.0,0,0
bus_30205_SOLAR,solar,bus_30205,100000.0,0.0,0.0,0,0.0,0.0,0.0,0,0
bus_30207_SOLAR,solar,bus_30207,100000.0,0.0,0.0,0,0.0,0.0,0.0,0,0
bus_30220_SOLAR,solar,bus_30220,100000.0,0.0,0.0,0,0.0,0.0,0.0,0,0
bus_30221_SOLAR,solar,bus_30221,100000.0,0.0,0.0,0,0.0,0.0,0.0,0,0
bus_30347_SOLAR,solar,bus_30347,100000.0,0.0,0.0,0,0.0,0.0,0.0,0,0
bus_30369_SOLAR,solar,bus_30369,100000.0,0.0,0.0,0,0.0,0.0,0.0,0,0
bus_40003_SOLAR,solar,bus_40003,100000.0,0.0,0.0,0,0.0,0.0,0.0,0,0
bus_40004_SOLAR,solar,bus_40004,100000.0,0.0,0.0,0,0.0,0.0,0.0,0,0
bus_40006_SOLAR,solar,bus_40006,100000.0,0.0,0.0,0,0.0,0.0,0.0,0,0
bus_40008_SOLAR,solar,bus_40008,100000.0,0.0,0.0,0,0.0,0.0,0.0,0,0
bus_40050_SOLAR,solar,bus_40050,100000.0,0.0,0.0,0,0.0,0.0,0.0,0,0
bus_40145_SOLAR,solar,bus_40145,100000.0,0.0,0.0,0,0.0,0.0,0.0,0,0
bus_40168_SOLAR,solar,bus_40168,100000.0,0.0,0.0,0,0.0,0.0,0.0,0,0
bus_40169_SOLAR,solar,bus_40169,100000.0,0.0,0.0,0,0.0,0.0,0.0,0,0
bus_40281_SOLAR,solar,bus_40281,100000.0,0.0,0.0,0,0.0,0.0,0.0,0,0
bus_40299_SOLAR,solar,bus_40299,100000.0,0.0,0.0,0,0.0,0.0,0.0,0,0
bus_40309_SOLAR,solar,bus_40309,100000.0,0.0,0.0,0,0.0,0.0,0.0,0,0
bus_40310_SOLAR,solar,bus_40310,100000.0,0.0,0.0,0,0.0,0.0,0.0,0,0
bus_40367_SOLAR,solar,bus_40367,100000.0,0.0,0.0,0,0.0,0.0,0.0,0,0
bus_40369_SOLAR,solar,bus_40369,100000.0,0.0,0.0,0,0.0,0.0,0.0,0,0
bus_40518_SOLAR,solar,bus_40518,100000.0,0.0,0.0,0,0.0,0.0,0.0,0,0
bus_40519_SOLAR,solar,bus_40519,100000.0,0.0,0.0,0,0.0,0.0,0.0,0,0
bus_40535_SOLAR,solar,bus_40535,100000.0,0.0,0.0,0,0.0,0.0,0.0,0,0
bus_40595_SOLAR,solar,bus_40595,100000.0,0.0,0.0,0,0.0,0.0,0.0,0,0
bus_40691_SOLAR,solar,bus_40691,100000.0,0.0,0.0,0,0.0,0.0,0.0,0,0
bus_40840_SOLAR,solar,bus_40840,100000.0,0.0,0.0,0,0.0,0.0,0.0,0,0
bus_40872_SOLAR,solar,bus_40872,100000.0,0.0,0.0,0,0.0,0.0,0.0,0,0
bus_40884_SOLAR,solar,bus_40884,100000.0,0.0,0.0,0,0.0,0.0,0.0,0,0
bus_50007_SOLAR,solar,bus_50007,100000.0,0.0,0.0,0,0.0,0.0,0.0,0,0
bus_50024_SOLAR,solar,bus_50024,100000.0,0.0,0.0,0,0.0,0.0,0.0,0,0
bus_50099_SOLAR,solar,bus_50099,100000.0,0.0,0.0,0,0.0,0.0,0.0,0,0
bus_50383_SOLAR,solar,bus_50383,100000.0,0.0,0.0,0,0.0,0.0,0.0,0,0
bus_53000_SOLAR,solar,bus_53000,100000.0,0.0,0.0,0,0.0,0.0,0.0,0,0
bus_53002_SOLAR,solar,bus_53002,100000.0,0.0,0.0,0,0.0,0.0,0.0,0,0
bus_53012_SOLAR,solar,bus_53012,100000.0,0.0,0.0,0,0.0,0.0,0.0,0,0
bus_53213_SOLAR,solar,bus_53213,100000.0,0.0,0.0,0,0.0,0.0,0.0,0,0
bus_53294_SOLAR,solar,bus_53294,100000.0,0.0,0.0,0,0.0,0.0,0.0,0,0
bus_60003_SOLAR,solar,bus_60003,100000.0,0.0,0.0,0,0.0,0.0,0.0,0,0
bus_60194_SOLAR,solar,bus_60194,100000.0,0.0,0.0,0,0.0,0.0,0.0,0,0
bus_60514_SOLAR,solar,bus_60514,100000.0,0.0,0.0,0,0.0,0.0,0.0,0,0
bus_60577_SOLAR,solar,bus_60577,100000.0,0.0,0.0,0,0.0,0.0,0.0,0,0
bus_60658_SOLAR,solar,bus_60658,100000.0,0.0,0.0,0,0.0,0.0,0.0,0,0
bus_70000_SOLAR,solar,bus_70000,100000.0,0.0,0.0,0,0.0,0.0,0.0,0,0
bus_70151_SOLAR,solar,bus_70151,100000.0,0.0,0.0,0,0.0,0.0,0.0,0,0
bus_70170_SOLAR,solar,bus_70170,100000.0,0.0,0.0,0,0.0,0.0,0.0,0,0
bus_74001_SOLAR,solar,bus_74001,100000.0,0.0,0.0,0,0.0,0.0,0.0,0,0
bus_74104_SOLAR,solar,bus_74104,100000.0,0.0,0.0,0,0.0,0.0,0.0,0,0
bus_74132_SOLAR,solar,bus_74132,100000.0,0.0,0.0,0,0.0,0.0,0.0,0,0
bus_77254_SOLAR,solar,bus_77254,100000.0,0.0,0.0,0,0.0,0.0,0.0,0,0
bus_80007_SOLAR,solar,bus_80007,100000.0,0.0,0.0,0,0.0,0.0,0.0,0,0
bus_80046_SOLAR,solar,bus_80046,100000.0,0.0,0.0,0,0.0,0.0,0.0,0,0
bus_10022_HYDRO,hydro,bus_10022,140.6,0.0,0.0,1,1.0,1.0,140.6,0,0
bus_10025_HYDRO,hydro,bus_10025,462.0,0.0,0.0,1,1.0,1.0,462.0,0,0
bus_10093_HYDRO,hydro,bus_10093,419.4,0.0,0.0,1,1.0,1.0,419.4,0,0
bus_10228_HYDRO,hydro,bus_10228,783.5,0.0,0.0,1,1.0,1.0,783.5,0,0
bus_10344_HYDRO,hydro,bus_10344,72.8,0.0,0.0,1,1.0,1.0,72.8,0,0
bus_10525_HYDRO,hydro,bus_10525,16.8,0.0,0.0,1,1.0,1.0,16.8,0,0
bus_10558_HYDRO,hydro,bus_10558,128.2,0.0,0.0,1,1.0,1.0,128.2,0,0
bus_10570_HYDRO,hydro,bus_10570,41.3,0.0,0.0,1,1.0,1.0,41.3,0,0
bus_10677_HYDRO,hydro,bus_10677,165.3,0.0,0.0,1,1.0,1.0,165.3,0,0
bus_10750_HYDRO,hydro,bus_10750,3739.4,0.0,0.0,1,1.0,1.0,3739.4,0,0
bus_11014_HYDRO,hydro,bus_11014,9228.8,0.0,0.0,1,1.0,1.0,9228.8,0,0
bus_13366_HYDRO,hydro,bus_13366,226.5,0.0,0.0,1,1.0,1.0,226.5,0,0
bus_13446_HYDRO,hydro,bus_13446,1342.4,0.0,0.0,1,1.0,1.0,1342.4,0,0
bus_13499_HYDRO,hydro,bus_13499,2160.0,0.0,0.0,1,1.0,1.0,2160.0,0,0
bus_13506_HYDRO,hydro,bus_13506,7552.6,0.0,0.0,1,1.0,1.0,7552.6,0,0
bus_13695_HYDRO,hydro,bus_13695,6323.000000000001,0.0,0.0,1,1.0,1.0,6323.000000000001,0,0
bus_20007_HYDRO,hydro,bus_20007,17.2,0.0,0.0,1,1.0,1.0,17.2,0,0
bus_20136_HYDRO,hydro,bus_20136,934.0000000000002,0.0,0.0,1,1.0,1.0,934.0000000000002,0,0
bus_20484_HYDRO,hydro,bus_20484,714.0,0.0,0.0,1,1.0,1.0,714.0,0,0
bus_21607_HYDRO,hydro,bus_21607,15.8,0.0,0.0,1,1.0,1.0,15.8,0,0
bus_23054_HYDRO,hydro,bus_23054,538.4,0.0,0.0,1,1.0,1.0,538.4,0,0
bus_23060_HYDRO,hydro,bus_23060,529.9,0.0,0.0,1,1.0,1.0,529.9,0,0
bus_23230_HYDRO,hydro,bus_23230,350.2,0.0,0.0,1,1.0,1.0,350.2,0,0
bus_23375_HYDRO,hydro,bus_23375,566.5,0.0,0.0,1,1.0,1.0,566.5,0,0
bus_25867_HYDRO,hydro,bus_25867,1246.6,0.0,0.0,1,1.0,1.0,1246.6,0,0
bus_28401_HYDRO,hydro,bus_28401,32.7,0.0,0.0,1,1.0,1.0,32.7,0,0
bus_28879_HYDRO,hydro,bus_28879,178.2,0.0,0.0,1,1.0,1.0,178.2,0,0
bus_29016_HYDRO,hydro,bus_29016,41.2,0.0,0.0,1,1.0,1.0,41.2,0,0
bus_30001_HYDRO,hydro,bus_30001,381.2,0.0,0.0,1,1.0,1.0,381.2,0,0
bus_30369_HYDRO,hydro,bus_30369,1574.0,0.0,0.0,1,1.0,1.0,1574.0,0,0
bus_30451_HYDRO,hydro,bus_30451,2078.8,0.0,0.0,1,1.0,1.0,2078.8,0,0
bus_50007_HYDRO,hydro,bus_50007,147.6,0.0,0.0,1,1.0,1.0,147.6,0,0
bus_50099_HYDRO,hydro,bus_50099,96.8,0.0,0.0,1,1.0,1.0,96.8,0,0
bus_50196_HYDRO,hydro,bus_50196,190.6,0.0,0.0,1,1.0,1.0,190.6,0,0
bus_53294_HYDRO,hydro,bus_53294,383.69999999999993,0.0,0.0,1,1.0,1.0,383.69999999999993,0,0
bus_60194_HYDRO,hydro,bus_60194,92.5,0.0,0.0,1,1.0,1.0,92.5,0,0
bus_60514_HYDRO,hydro,bus_60514,4.1,0.0,0.0,1,1.0,1.0,4.1,0,0
bus_60658_HYDRO,hydro,bus_60658,58.5,0.0,0.0,1,1.0,1.0,58.5,0,0
bus_70000_HYDRO,hydro,bus_70000,199.8,0.0,0.0,1,1.0,1.0,199.8,0,0
bus_70037_HYDRO,hydro,bus_70037,87.6,0.0,0.0,1,1.0,1.0,87.6,0,0
bus_70095_HYDRO,hydro,bus_70095,123.2,0.0,0.0,1,1.0,1.0,123.2,0,0
bus_70151_HYDRO,hydro,bus_70151,191.8,0.0,0.0,1,1.0,1.0,191.8,0,0
bus_70170_HYDRO,hydro,bus_70170,48.9,0.0,0.0,1,1.0,1.0,48.9,0,0
bus_74001_HYDRO,hydro,bus_74001,239.5,0.0,0.0,1,1.0,1.0,239.5,0,0
bus_74053_HYDRO,hydro,bus_74053,132.0,0.0,0.0,1,1.0,1.0,132.0,0,0
bus_74104_HYDRO,hydro,bus_74104,122.5,0.0,0.0,1,1.0,1.0,122.5,0,0
bus_74132_HYDRO,hydro,bus_74132,334.2,0.0,0.0,1,1.0,1.0,334.2,0,0
bus_74235_HYDRO,hydro,bus_74235,2177.8,0.0,0.0,1,1.0,1.0,2177.8,0,0
bus_77254_HYDRO,hydro,bus_77254,299.3,0.0,0.0,1,1.0,1.0,299.3,0,0
bus_80007_HYDRO,hydro,bus_80007,27.9,0.0,0.0,1,1.0,1.0,27.9,0,0
